{
    "id": "firearmProperties",
    "title": "Firearms",
    "description": "Adds Firearm Proficiences",
    "version": "1.0.0",
    "compatibility": {
        "minimum": 12,
        "verified": "12"
    },
    "url": "https://github.com/goldenfriend/Firearm-Module-5e",
    "manifest": "https://raw.github.com/goldenfriend/Firearm-Module-5e/main/module.json", 
    "download": "https://github.com/goldenfriend/Firearm-Module-5e/releases/download/build/Firearm-Module-5e.zip", 
    "system": ["dnd5e"],
    "scripts": ["firearmProperties.js"],
    "authors": [
        {
            "name": "goldenfriend"
        }
    ]
}